California State University Fresno;New Jersey Institute of Technology;University of Illinois Springfield;University of Nebraska Omaha;University of North Carolina Charlotte;University of Texas Dallas;|California State University Fresno;New Jersey Institute of Technology;University of Illinois Springfield;University of Nebraska Omaha;University of North Carolina Charlotte;University of Texas Dallas;
Georgia State University;Oklahoma State University Stillwater;SUNY Buffalo;University of Arizona;University of Illinois Chicago;University of Cincinnati;|Georgia State University;Oklahoma State University Stillwater;SUNY Buffalo;University of Arizona;University of Illinois Chicago;
Carnegie Mellon University;Indiana University-Bloomington;Rensselaer Polytechnic Institute;|Carnegie Mellon University;Indiana University-Bloomington;Rensselaer Polytechnic Institute;
"Carnegie Mellon University;George Washington University at Mount Vernon College;Georgia State University;Second ;University of Cincinnati;First ;University of Maryland College Park;School of Business: MS in Business: IS Department Recommendation on 10 Jan| Official ;Duke University;Rensselaer Polytechnic Institute;SUNY Buffalo;;"|"George Washington University at Mount Vernon College;Georgia State University;Second ;University of Cincinnati;First ;University of Maryland College Park;School of Business: MS in Business: IS Department Recommendation on 10 Jan| Official ;"
Carnegie Mellon University;Texas Tech University;University of Arizona;University of Illinois Chicago;University of Maryland College Park;University of Washington;Indiana University-Bloomington;Texas A&M University College Station;University of Cincinnati;|Carnegie Mellon University;Texas Tech University;University of Arizona;University of Illinois Chicago;University of Maryland College Park;University of Washington;
University of Texas Austin;Carnegie Mellon University;;Texas A&M University College Station;University of Arizona;University of Cincinnati;University of Illinois Chicago;Indiana University-Bloomington;Stanford University;|Carnegie Mellon University;;Texas A&M University College Station;University of Arizona;University of Cincinnati;University of Illinois Chicago;
Texas A&M University College Station;University of Cincinnati;University of Texas Dallas;|Texas A&M University College Station;University of Cincinnati;University of Texas Dallas;
Oklahoma State University Stillwater;University of Maryland College Park;University of Texas Dallas;Texas A&M University College Station;University of Cincinnati;|Oklahoma State University Stillwater;University of Maryland College Park;University of Texas Dallas;
Indiana University-Bloomington;Northeastern University;University of Texas Dallas;Boston University;SUNY Buffalo;Syracuse University;University of Cincinnati;University of North Carolina Chapel Hill;University of Pittsburgh Greensburg;University of South Florida;|Boston University;SUNY Buffalo;Syracuse University;University of Cincinnati;University of North Carolina Chapel Hill;University of Pittsburgh Greensburg;University of South Florida;
Illinois Institute of Technology;New Jersey Institute of Technology;Florida Institute of Technology;Long Island University Brooklyn Campus;Pace University;University of Houston Clear Lake;Polytechnic University of New York;Syracuse University;|Florida Institute of Technology;Long Island University Brooklyn Campus;Pace University;University of Houston Clear Lake;
New York University;University of Washington;Syracuse University;University of Arizona;University of Florida;University of Illinois Chicago;|Syracuse University;University of Arizona;University of Florida;
Syracuse University;University of Texas Dallas;SUNY Buffalo;University of Arizona;University of Illinois Chicago;|SUNY Buffalo;University of Arizona;University of Illinois Chicago;
SUNY Buffalo;Syracuse University;Texas A&M University College Station;University of Arizona;University of Cincinnati;University of Illinois Chicago;University of South Florida;|University of South Florida;
New York University;University of Illinois Chicago;University of Maryland College Park;|University of Illinois Chicago;University of Maryland College Park;
University of Maryland College Park;Northeastern University;Texas Tech University;University of Maryland Baltimore County;University of Texas Dallas;University of Arizona;|Northeastern University;Texas Tech University;University of Maryland Baltimore County;University of Texas Dallas;
Ohio State University Columbus;Polytechnic University of New York;[Fall 2011 - MSCS] Applied online on Jan 25. Packets reached on Feb 1. ;Syracuse University;University of Arizona;University of Maryland College Park;University of Michigan Ann Arbor;Georgia Institute of Technology;Indiana University-Bloomington;Rutgers University New Brunswick/Piscataway;University of California Berkeley;University of Florida;University of Minnesota Twin Cities;University of Southern California;University of Tennessee Knoxville;|Ohio State University Columbus;Polytechnic University of New York;[Fall 2011 - MSCS] Applied online on Jan 25. Packets reached on Feb 1. ;Syracuse University;University of Arizona;University of Maryland College Park;University of Michigan Ann Arbor;
University of Arizona;University of South Florida;Applied on 2nd Jan ....admit on 12th Feb. First ;University of Texas Dallas;2nd ;SUNY Buffalo;|University of South Florida;Applied on 2nd Jan ....admit on 12th Feb. First ;University of Texas Dallas;2nd ;
SUNY Buffalo;Syracuse University;University of Arizona;University of Illinois Chicago;University of Washington;|SUNY Buffalo;Syracuse University;University of Arizona;University of Illinois Chicago;University of Washington;
New York University;SUNY Buffalo;Syracuse University;University of Arizona;University of Illinois Chicago;University of Texas Dallas;University of Cincinnati;|SUNY Buffalo;Syracuse University;University of Arizona;University of Illinois Chicago;University of Texas Dallas;
New Mexico State University;Oklahoma State University Stillwater;University of Florida;University of Missouri Rolla;University of Texas Dallas;SUNY Buffalo;|Oklahoma State University Stillwater;University of Florida;University of Missouri Rolla;University of Texas Dallas;
